{"cameraMode":{"drawMode":0,"name":"Shaded","section":"Shading Mode"},"sceneLighting":true,"audioPlay":false,"sceneViewState":{"showFog":true,"showMaterialUpdate":false,"showSkybox":true,"showFlares":true,"showImageEffects":true,"showParticleSystems":true},"in2DMode":false,"pivot":{"x":-18.838455200195314,"y":60.197383880615237,"z":215.96153259277345},"rotation":{"x":-0.09293784946203232,"y":-0.36113011837005618,"z":0.03618669882416725,"w":-0.9271974563598633},"size":233.3452911376953,"orthographic":false}